[
  {
    "authorLogin": "admin",
    "id": "1",
    "createdDate": "Sat May 07 2022 11:46:20 GMT+0300 (Eastern European Summer Time)",
    "questionText": "Who created this site?",
    "totalAnswerers": 0,
    "answers": [
      {
        "id": "1",
        "answerText": "Denys Yermolenko",
        "answerers": []
      },
      {
        "id": "2",
        "answerText": "Ivan Ivanov",
        "answerers": []
      }
    ]
  },
  {
    "authorLogin": "admin",
    "id": "2",
    "createdDate": "Sat May 17 2022 11:46:20 GMT+0300 (Eastern European Summer Time)",
    "questionText": "Which framework is the best?",
    "totalAnswerers": 1,
    "answers": [
      {
        "id": "1",
        "answerText": "React",
        "answerers": []
      },
      {
        "id": "2",
        "answerText": "Vue",
        "answerers": ["admin"]
      },
      {
        "id": "3",
        "answerText": "Angular",
        "answerers": []
      }
    ]
  }
]